Day,Row,Column,Theme,Core_Theme,Archetypal_Tag,Daily_Prompt,Practical_Application,Symbolic_Anchor
1,1,1,Matrix 1-1 Activation,This phase emphasizes the developmental tension between sector 1 and channel 1. Observe where structure meets impulse.,Archetypal Tone 3,Reflect on how you are expressing cell 1-1 in your current life cycle.,"Create a small ritual, sketch, or sound motif representing row 1 integrating with column 1.",Glyph-1-1
2,1,2,Matrix 1-2 Activation,This phase emphasizes the developmental tension between sector 1 and channel 2. Observe where structure meets impulse.,Archetypal Tone 4,Reflect on how you are expressing cell 1-2 in your current life cycle.,"Create a small ritual, sketch, or sound motif representing row 1 integrating with column 2.",Glyph-1-2
3,1,3,Matrix 1-3 Activation,This phase emphasizes the developmental tension between sector 1 and channel 3. Observe where structure meets impulse.,Archetypal Tone 5,Reflect on how you are expressing cell 1-3 in your current life cycle.,"Create a small ritual, sketch, or sound motif representing row 1 integrating with column 3.",Glyph-1-3
4,1,4,Matrix 1-4 Activation,This phase emphasizes the developmental tension between sector 1 and channel 4. Observe where structure meets impulse.,Archetypal Tone 6,Reflect on how you are expressing cell 1-4 in your current life cycle.,"Create a small ritual, sketch, or sound motif representing row 1 integrating with column 4.",Glyph-1-4
5,1,5,Matrix 1-5 Activation,This phase emphasizes the developmental tension between sector 1 and channel 5. Observe where structure meets impulse.,Archetypal Tone 7,Reflect on how you are expressing cell 1-5 in your current life cycle.,"Create a small ritual, sketch, or sound motif representing row 1 integrating with column 5.",Glyph-1-5
6,1,6,Matrix 1-6 Activation,This phase emphasizes the developmental tension between sector 1 and channel 6. Observe where structure meets impulse.,Archetypal Tone 1,Reflect on how you are expressing cell 1-6 in your current life cycle.,"Create a small ritual, sketch, or sound motif representing row 1 integrating with column 6.",Glyph-1-6
7,1,7,Matrix 1-7 Activation,This phase emphasizes the developmental tension between sector 1 and channel 7. Observe where structure meets impulse.,Archetypal Tone 2,Reflect on how you are expressing cell 1-7 in your current life cycle.,"Create a small ritual, sketch, or sound motif representing row 1 integrating with column 7.",Glyph-1-7
8,1,8,Matrix 1-8 Activation,This phase emphasizes the developmental tension between sector 1 and channel 8. Observe where structure meets impulse.,Archetypal Tone 3,Reflect on how you are expressing cell 1-8 in your current life cycle.,"Create a small ritual, sketch, or sound motif representing row 1 integrating with column 8.",Glyph-1-8
9,2,1,Matrix 2-1 Activation,This phase emphasizes the developmental tension between sector 2 and channel 1. Observe where structure meets impulse.,Archetypal Tone 4,Reflect on how you are expressing cell 2-1 in your current life cycle.,"Create a small ritual, sketch, or sound motif representing row 2 integrating with column 1.",Glyph-2-1
10,2,2,Matrix 2-2 Activation,This phase emphasizes the developmental tension between sector 2 and channel 2. Observe where structure meets impulse.,Archetypal Tone 5,Reflect on how you are expressing cell 2-2 in your current life cycle.,"Create a small ritual, sketch, or sound motif representing row 2 integrating with column 2.",Glyph-2-2
11,2,3,Matrix 2-3 Activation,This phase emphasizes the developmental tension between sector 2 and channel 3. Observe where structure meets impulse.,Archetypal Tone 6,Reflect on how you are expressing cell 2-3 in your current life cycle.,"Create a small ritual, sketch, or sound motif representing row 2 integrating with column 3.",Glyph-2-3
12,2,4,Matrix 2-4 Activation,This phase emphasizes the developmental tension between sector 2 and channel 4. Observe where structure meets impulse.,Archetypal Tone 7,Reflect on how you are expressing cell 2-4 in your current life cycle.,"Create a small ritual, sketch, or sound motif representing row 2 integrating with column 4.",Glyph-2-4
13,2,5,Matrix 2-5 Activation,This phase emphasizes the developmental tension between sector 2 and channel 5. Observe where structure meets impulse.,Archetypal Tone 1,Reflect on how you are expressing cell 2-5 in your current life cycle.,"Create a small ritual, sketch, or sound motif representing row 2 integrating with column 5.",Glyph-2-5
14,2,6,Matrix 2-6 Activation,This phase emphasizes the developmental tension between sector 2 and channel 6. Observe where structure meets impulse.,Archetypal Tone 2,Reflect on how you are expressing cell 2-6 in your current life cycle.,"Create a small ritual, sketch, or sound motif representing row 2 integrating with column 6.",Glyph-2-6
15,2,7,Matrix 2-7 Activation,This phase emphasizes the developmental tension between sector 2 and channel 7. Observe where structure meets impulse.,Archetypal Tone 3,Reflect on how you are expressing cell 2-7 in your current life cycle.,"Create a small ritual, sketch, or sound motif representing row 2 integrating with column 7.",Glyph-2-7
16,2,8,Matrix 2-8 Activation,This phase emphasizes the developmental tension between sector 2 and channel 8. Observe where structure meets impulse.,Archetypal Tone 4,Reflect on how you are expressing cell 2-8 in your current life cycle.,"Create a small ritual, sketch, or sound motif representing row 2 integrating with column 8.",Glyph-2-8
17,3,1,Matrix 3-1 Activation,This phase emphasizes the developmental tension between sector 3 and channel 1. Observe where structure meets impulse.,Archetypal Tone 5,Reflect on how you are expressing cell 3-1 in your current life cycle.,"Create a small ritual, sketch, or sound motif representing row 3 integrating with column 1.",Glyph-3-1
18,3,2,Matrix 3-2 Activation,This phase emphasizes the developmental tension between sector 3 and channel 2. Observe where structure meets impulse.,Archetypal Tone 6,Reflect on how you are expressing cell 3-2 in your current life cycle.,"Create a small ritual, sketch, or sound motif representing row 3 integrating with column 2.",Glyph-3-2
19,3,3,Matrix 3-3 Activation,This phase emphasizes the developmental tension between sector 3 and channel 3. Observe where structure meets impulse.,Archetypal Tone 7,Reflect on how you are expressing cell 3-3 in your current life cycle.,"Create a small ritual, sketch, or sound motif representing row 3 integrating with column 3.",Glyph-3-3
20,3,4,Matrix 3-4 Activation,This phase emphasizes the developmental tension between sector 3 and channel 4. Observe where structure meets impulse.,Archetypal Tone 1,Reflect on how you are expressing cell 3-4 in your current life cycle.,"Create a small ritual, sketch, or sound motif representing row 3 integrating with column 4.",Glyph-3-4
21,3,5,Matrix 3-5 Activation,This phase emphasizes the developmental tension between sector 3 and channel 5. Observe where structure meets impulse.,Archetypal Tone 2,Reflect on how you are expressing cell 3-5 in your current life cycle.,"Create a small ritual, sketch, or sound motif representing row 3 integrating with column 5.",Glyph-3-5
22,3,6,Matrix 3-6 Activation,This phase emphasizes the developmental tension between sector 3 and channel 6. Observe where structure meets impulse.,Archetypal Tone 3,Reflect on how you are expressing cell 3-6 in your current life cycle.,"Create a small ritual, sketch, or sound motif representing row 3 integrating with column 6.",Glyph-3-6
23,3,7,Matrix 3-7 Activation,This phase emphasizes the developmental tension between sector 3 and channel 7. Observe where structure meets impulse.,Archetypal Tone 4,Reflect on how you are expressing cell 3-7 in your current life cycle.,"Create a small ritual, sketch, or sound motif representing row 3 integrating with column 7.",Glyph-3-7
24,3,8,Matrix 3-8 Activation,This phase emphasizes the developmental tension between sector 3 and channel 8. Observe where structure meets impulse.,Archetypal Tone 5,Reflect on how you are expressing cell 3-8 in your current life cycle.,"Create a small ritual, sketch, or sound motif representing row 3 integrating with column 8.",Glyph-3-8
25,4,1,Matrix 4-1 Activation,This phase emphasizes the developmental tension between sector 4 and channel 1. Observe where structure meets impulse.,Archetypal Tone 6,Reflect on how you are expressing cell 4-1 in your current life cycle.,"Create a small ritual, sketch, or sound motif representing row 4 integrating with column 1.",Glyph-4-1
26,4,2,Matrix 4-2 Activation,This phase emphasizes the developmental tension between sector 4 and channel 2. Observe where structure meets impulse.,Archetypal Tone 7,Reflect on how you are expressing cell 4-2 in your current life cycle.,"Create a small ritual, sketch, or sound motif representing row 4 integrating with column 2.",Glyph-4-2
27,4,3,Matrix 4-3 Activation,This phase emphasizes the developmental tension between sector 4 and channel 3. Observe where structure meets impulse.,Archetypal Tone 1,Reflect on how you are expressing cell 4-3 in your current life cycle.,"Create a small ritual, sketch, or sound motif representing row 4 integrating with column 3.",Glyph-4-3
28,4,4,Matrix 4-4 Activation,This phase emphasizes the developmental tension between sector 4 and channel 4. Observe where structure meets impulse.,Archetypal Tone 2,Reflect on how you are expressing cell 4-4 in your current life cycle.,"Create a small ritual, sketch, or sound motif representing row 4 integrating with column 4.",Glyph-4-4
29,4,5,Matrix 4-5 Activation,This phase emphasizes the developmental tension between sector 4 and channel 5. Observe where structure meets impulse.,Archetypal Tone 3,Reflect on how you are expressing cell 4-5 in your current life cycle.,"Create a small ritual, sketch, or sound motif representing row 4 integrating with column 5.",Glyph-4-5
30,4,6,Matrix 4-6 Activation,This phase emphasizes the developmental tension between sector 4 and channel 6. Observe where structure meets impulse.,Archetypal Tone 4,Reflect on how you are expressing cell 4-6 in your current life cycle.,"Create a small ritual, sketch, or sound motif representing row 4 integrating with column 6.",Glyph-4-6
31,4,7,Matrix 4-7 Activation,This phase emphasizes the developmental tension between sector 4 and channel 7. Observe where structure meets impulse.,Archetypal Tone 5,Reflect on how you are expressing cell 4-7 in your current life cycle.,"Create a small ritual, sketch, or sound motif representing row 4 integrating with column 7.",Glyph-4-7
32,4,8,Matrix 4-8 Activation,This phase emphasizes the developmental tension between sector 4 and channel 8. Observe where structure meets impulse.,Archetypal Tone 6,Reflect on how you are expressing cell 4-8 in your current life cycle.,"Create a small ritual, sketch, or sound motif representing row 4 integrating with column 8.",Glyph-4-8
33,5,1,Matrix 5-1 Activation,This phase emphasizes the developmental tension between sector 5 and channel 1. Observe where structure meets impulse.,Archetypal Tone 7,Reflect on how you are expressing cell 5-1 in your current life cycle.,"Create a small ritual, sketch, or sound motif representing row 5 integrating with column 1.",Glyph-5-1
34,5,2,Matrix 5-2 Activation,This phase emphasizes the developmental tension between sector 5 and channel 2. Observe where structure meets impulse.,Archetypal Tone 1,Reflect on how you are expressing cell 5-2 in your current life cycle.,"Create a small ritual, sketch, or sound motif representing row 5 integrating with column 2.",Glyph-5-2
35,5,3,Matrix 5-3 Activation,This phase emphasizes the developmental tension between sector 5 and channel 3. Observe where structure meets impulse.,Archetypal Tone 2,Reflect on how you are expressing cell 5-3 in your current life cycle.,"Create a small ritual, sketch, or sound motif representing row 5 integrating with column 3.",Glyph-5-3
36,5,4,Matrix 5-4 Activation,This phase emphasizes the developmental tension between sector 5 and channel 4. Observe where structure meets impulse.,Archetypal Tone 3,Reflect on how you are expressing cell 5-4 in your current life cycle.,"Create a small ritual, sketch, or sound motif representing row 5 integrating with column 4.",Glyph-5-4
37,5,5,Matrix 5-5 Activation,This phase emphasizes the developmental tension between sector 5 and channel 5. Observe where structure meets impulse.,Archetypal Tone 4,Reflect on how you are expressing cell 5-5 in your current life cycle.,"Create a small ritual, sketch, or sound motif representing row 5 integrating with column 5.",Glyph-5-5
38,5,6,Matrix 5-6 Activation,This phase emphasizes the developmental tension between sector 5 and channel 6. Observe where structure meets impulse.,Archetypal Tone 5,Reflect on how you are expressing cell 5-6 in your current life cycle.,"Create a small ritual, sketch, or sound motif representing row 5 integrating with column 6.",Glyph-5-6
39,5,7,Matrix 5-7 Activation,This phase emphasizes the developmental tension between sector 5 and channel 7. Observe where structure meets impulse.,Archetypal Tone 6,Reflect on how you are expressing cell 5-7 in your current life cycle.,"Create a small ritual, sketch, or sound motif representing row 5 integrating with column 7.",Glyph-5-7
40,5,8,Matrix 5-8 Activation,This phase emphasizes the developmental tension between sector 5 and channel 8. Observe where structure meets impulse.,Archetypal Tone 7,Reflect on how you are expressing cell 5-8 in your current life cycle.,"Create a small ritual, sketch, or sound motif representing row 5 integrating with column 8.",Glyph-5-8
41,6,1,Matrix 6-1 Activation,This phase emphasizes the developmental tension between sector 6 and channel 1. Observe where structure meets impulse.,Archetypal Tone 1,Reflect on how you are expressing cell 6-1 in your current life cycle.,"Create a small ritual, sketch, or sound motif representing row 6 integrating with column 1.",Glyph-6-1
42,6,2,Matrix 6-2 Activation,This phase emphasizes the developmental tension between sector 6 and channel 2. Observe where structure meets impulse.,Archetypal Tone 2,Reflect on how you are expressing cell 6-2 in your current life cycle.,"Create a small ritual, sketch, or sound motif representing row 6 integrating with column 2.",Glyph-6-2
43,6,3,Matrix 6-3 Activation,This phase emphasizes the developmental tension between sector 6 and channel 3. Observe where structure meets impulse.,Archetypal Tone 3,Reflect on how you are expressing cell 6-3 in your current life cycle.,"Create a small ritual, sketch, or sound motif representing row 6 integrating with column 3.",Glyph-6-3
44,6,4,Matrix 6-4 Activation,This phase emphasizes the developmental tension between sector 6 and channel 4. Observe where structure meets impulse.,Archetypal Tone 4,Reflect on how you are expressing cell 6-4 in your current life cycle.,"Create a small ritual, sketch, or sound motif representing row 6 integrating with column 4.",Glyph-6-4
45,6,5,Matrix 6-5 Activation,This phase emphasizes the developmental tension between sector 6 and channel 5. Observe where structure meets impulse.,Archetypal Tone 5,Reflect on how you are expressing cell 6-5 in your current life cycle.,"Create a small ritual, sketch, or sound motif representing row 6 integrating with column 5.",Glyph-6-5
46,6,6,Matrix 6-6 Activation,This phase emphasizes the developmental tension between sector 6 and channel 6. Observe where structure meets impulse.,Archetypal Tone 6,Reflect on how you are expressing cell 6-6 in your current life cycle.,"Create a small ritual, sketch, or sound motif representing row 6 integrating with column 6.",Glyph-6-6
47,6,7,Matrix 6-7 Activation,This phase emphasizes the developmental tension between sector 6 and channel 7. Observe where structure meets impulse.,Archetypal Tone 7,Reflect on how you are expressing cell 6-7 in your current life cycle.,"Create a small ritual, sketch, or sound motif representing row 6 integrating with column 7.",Glyph-6-7
48,6,8,Matrix 6-8 Activation,This phase emphasizes the developmental tension between sector 6 and channel 8. Observe where structure meets impulse.,Archetypal Tone 1,Reflect on how you are expressing cell 6-8 in your current life cycle.,"Create a small ritual, sketch, or sound motif representing row 6 integrating with column 8.",Glyph-6-8
49,7,1,Matrix 7-1 Activation,This phase emphasizes the developmental tension between sector 7 and channel 1. Observe where structure meets impulse.,Archetypal Tone 2,Reflect on how you are expressing cell 7-1 in your current life cycle.,"Create a small ritual, sketch, or sound motif representing row 7 integrating with column 1.",Glyph-7-1
50,7,2,Matrix 7-2 Activation,This phase emphasizes the developmental tension between sector 7 and channel 2. Observe where structure meets impulse.,Archetypal Tone 3,Reflect on how you are expressing cell 7-2 in your current life cycle.,"Create a small ritual, sketch, or sound motif representing row 7 integrating with column 2.",Glyph-7-2
51,7,3,Matrix 7-3 Activation,This phase emphasizes the developmental tension between sector 7 and channel 3. Observe where structure meets impulse.,Archetypal Tone 4,Reflect on how you are expressing cell 7-3 in your current life cycle.,"Create a small ritual, sketch, or sound motif representing row 7 integrating with column 3.",Glyph-7-3
52,7,4,Matrix 7-4 Activation,This phase emphasizes the developmental tension between sector 7 and channel 4. Observe where structure meets impulse.,Archetypal Tone 5,Reflect on how you are expressing cell 7-4 in your current life cycle.,"Create a small ritual, sketch, or sound motif representing row 7 integrating with column 4.",Glyph-7-4
53,7,5,Matrix 7-5 Activation,This phase emphasizes the developmental tension between sector 7 and channel 5. Observe where structure meets impulse.,Archetypal Tone 6,Reflect on how you are expressing cell 7-5 in your current life cycle.,"Create a small ritual, sketch, or sound motif representing row 7 integrating with column 5.",Glyph-7-5
54,7,6,Matrix 7-6 Activation,This phase emphasizes the developmental tension between sector 7 and channel 6. Observe where structure meets impulse.,Archetypal Tone 7,Reflect on how you are expressing cell 7-6 in your current life cycle.,"Create a small ritual, sketch, or sound motif representing row 7 integrating with column 6.",Glyph-7-6
55,7,7,Matrix 7-7 Activation,This phase emphasizes the developmental tension between sector 7 and channel 7. Observe where structure meets impulse.,Archetypal Tone 1,Reflect on how you are expressing cell 7-7 in your current life cycle.,"Create a small ritual, sketch, or sound motif representing row 7 integrating with column 7.",Glyph-7-7
56,7,8,Matrix 7-8 Activation,This phase emphasizes the developmental tension between sector 7 and channel 8. Observe where structure meets impulse.,Archetypal Tone 2,Reflect on how you are expressing cell 7-8 in your current life cycle.,"Create a small ritual, sketch, or sound motif representing row 7 integrating with column 8.",Glyph-7-8
57,8,1,Matrix 8-1 Activation,This phase emphasizes the developmental tension between sector 8 and channel 1. Observe where structure meets impulse.,Archetypal Tone 3,Reflect on how you are expressing cell 8-1 in your current life cycle.,"Create a small ritual, sketch, or sound motif representing row 8 integrating with column 1.",Glyph-8-1
58,8,2,Matrix 8-2 Activation,This phase emphasizes the developmental tension between sector 8 and channel 2. Observe where structure meets impulse.,Archetypal Tone 4,Reflect on how you are expressing cell 8-2 in your current life cycle.,"Create a small ritual, sketch, or sound motif representing row 8 integrating with column 2.",Glyph-8-2
59,8,3,Matrix 8-3 Activation,This phase emphasizes the developmental tension between sector 8 and channel 3. Observe where structure meets impulse.,Archetypal Tone 5,Reflect on how you are expressing cell 8-3 in your current life cycle.,"Create a small ritual, sketch, or sound motif representing row 8 integrating with column 3.",Glyph-8-3
60,8,4,Matrix 8-4 Activation,This phase emphasizes the developmental tension between sector 8 and channel 4. Observe where structure meets impulse.,Archetypal Tone 6,Reflect on how you are expressing cell 8-4 in your current life cycle.,"Create a small ritual, sketch, or sound motif representing row 8 integrating with column 4.",Glyph-8-4
61,8,5,Matrix 8-5 Activation,This phase emphasizes the developmental tension between sector 8 and channel 5. Observe where structure meets impulse.,Archetypal Tone 7,Reflect on how you are expressing cell 8-5 in your current life cycle.,"Create a small ritual, sketch, or sound motif representing row 8 integrating with column 5.",Glyph-8-5
62,8,6,Matrix 8-6 Activation,This phase emphasizes the developmental tension between sector 8 and channel 6. Observe where structure meets impulse.,Archetypal Tone 1,Reflect on how you are expressing cell 8-6 in your current life cycle.,"Create a small ritual, sketch, or sound motif representing row 8 integrating with column 6.",Glyph-8-6
63,8,7,Matrix 8-7 Activation,This phase emphasizes the developmental tension between sector 8 and channel 7. Observe where structure meets impulse.,Archetypal Tone 2,Reflect on how you are expressing cell 8-7 in your current life cycle.,"Create a small ritual, sketch, or sound motif representing row 8 integrating with column 7.",Glyph-8-7
64,8,8,Matrix 8-8 Activation,This phase emphasizes the developmental tension between sector 8 and channel 8. Observe where structure meets impulse.,Archetypal Tone 3,Reflect on how you are expressing cell 8-8 in your current life cycle.,"Create a small ritual, sketch, or sound motif representing row 8 integrating with column 8.",Glyph-8-8
65,9,1,Matrix 9-1 Activation,This phase emphasizes the developmental tension between sector 9 and channel 1. Observe where structure meets impulse.,Archetypal Tone 4,Reflect on how you are expressing cell 9-1 in your current life cycle.,"Create a small ritual, sketch, or sound motif representing row 9 integrating with column 1.",Glyph-9-1
66,9,2,Matrix 9-2 Activation,This phase emphasizes the developmental tension between sector 9 and channel 2. Observe where structure meets impulse.,Archetypal Tone 5,Reflect on how you are expressing cell 9-2 in your current life cycle.,"Create a small ritual, sketch, or sound motif representing row 9 integrating with column 2.",Glyph-9-2
67,9,3,Matrix 9-3 Activation,This phase emphasizes the developmental tension between sector 9 and channel 3. Observe where structure meets impulse.,Archetypal Tone 6,Reflect on how you are expressing cell 9-3 in your current life cycle.,"Create a small ritual, sketch, or sound motif representing row 9 integrating with column 3.",Glyph-9-3
68,9,4,Matrix 9-4 Activation,This phase emphasizes the developmental tension between sector 9 and channel 4. Observe where structure meets impulse.,Archetypal Tone 7,Reflect on how you are expressing cell 9-4 in your current life cycle.,"Create a small ritual, sketch, or sound motif representing row 9 integrating with column 4.",Glyph-9-4
69,9,5,Matrix 9-5 Activation,This phase emphasizes the developmental tension between sector 9 and channel 5. Observe where structure meets impulse.,Archetypal Tone 1,Reflect on how you are expressing cell 9-5 in your current life cycle.,"Create a small ritual, sketch, or sound motif representing row 9 integrating with column 5.",Glyph-9-5
70,9,6,Matrix 9-6 Activation,This phase emphasizes the developmental tension between sector 9 and channel 6. Observe where structure meets impulse.,Archetypal Tone 2,Reflect on how you are expressing cell 9-6 in your current life cycle.,"Create a small ritual, sketch, or sound motif representing row 9 integrating with column 6.",Glyph-9-6
71,9,7,Matrix 9-7 Activation,This phase emphasizes the developmental tension between sector 9 and channel 7. Observe where structure meets impulse.,Archetypal Tone 3,Reflect on how you are expressing cell 9-7 in your current life cycle.,"Create a small ritual, sketch, or sound motif representing row 9 integrating with column 7.",Glyph-9-7
72,9,8,Matrix 9-8 Activation,This phase emphasizes the developmental tension between sector 9 and channel 8. Observe where structure meets impulse.,Archetypal Tone 4,Reflect on how you are expressing cell 9-8 in your current life cycle.,"Create a small ritual, sketch, or sound motif representing row 9 integrating with column 8.",Glyph-9-8
73,10,1,Matrix 10-1 Activation,This phase emphasizes the developmental tension between sector 10 and channel 1. Observe where structure meets impulse.,Archetypal Tone 5,Reflect on how you are expressing cell 10-1 in your current life cycle.,"Create a small ritual, sketch, or sound motif representing row 10 integrating with column 1.",Glyph-10-1
74,10,2,Matrix 10-2 Activation,This phase emphasizes the developmental tension between sector 10 and channel 2. Observe where structure meets impulse.,Archetypal Tone 6,Reflect on how you are expressing cell 10-2 in your current life cycle.,"Create a small ritual, sketch, or sound motif representing row 10 integrating with column 2.",Glyph-10-2
75,10,3,Matrix 10-3 Activation,This phase emphasizes the developmental tension between sector 10 and channel 3. Observe where structure meets impulse.,Archetypal Tone 7,Reflect on how you are expressing cell 10-3 in your current life cycle.,"Create a small ritual, sketch, or sound motif representing row 10 integrating with column 3.",Glyph-10-3
76,10,4,Matrix 10-4 Activation,This phase emphasizes the developmental tension between sector 10 and channel 4. Observe where structure meets impulse.,Archetypal Tone 1,Reflect on how you are expressing cell 10-4 in your current life cycle.,"Create a small ritual, sketch, or sound motif representing row 10 integrating with column 4.",Glyph-10-4
77,10,5,Matrix 10-5 Activation,This phase emphasizes the developmental tension between sector 10 and channel 5. Observe where structure meets impulse.,Archetypal Tone 2,Reflect on how you are expressing cell 10-5 in your current life cycle.,"Create a small ritual, sketch, or sound motif representing row 10 integrating with column 5.",Glyph-10-5
78,10,6,Matrix 10-6 Activation,This phase emphasizes the developmental tension between sector 10 and channel 6. Observe where structure meets impulse.,Archetypal Tone 3,Reflect on how you are expressing cell 10-6 in your current life cycle.,"Create a small ritual, sketch, or sound motif representing row 10 integrating with column 6.",Glyph-10-6
79,10,7,Matrix 10-7 Activation,This phase emphasizes the developmental tension between sector 10 and channel 7. Observe where structure meets impulse.,Archetypal Tone 4,Reflect on how you are expressing cell 10-7 in your current life cycle.,"Create a small ritual, sketch, or sound motif representing row 10 integrating with column 7.",Glyph-10-7
80,10,8,Matrix 10-8 Activation,This phase emphasizes the developmental tension between sector 10 and channel 8. Observe where structure meets impulse.,Archetypal Tone 5,Reflect on how you are expressing cell 10-8 in your current life cycle.,"Create a small ritual, sketch, or sound motif representing row 10 integrating with column 8.",Glyph-10-8
81,11,1,Matrix 11-1 Activation,This phase emphasizes the developmental tension between sector 11 and channel 1. Observe where structure meets impulse.,Archetypal Tone 6,Reflect on how you are expressing cell 11-1 in your current life cycle.,"Create a small ritual, sketch, or sound motif representing row 11 integrating with column 1.",Glyph-11-1
82,11,2,Matrix 11-2 Activation,This phase emphasizes the developmental tension between sector 11 and channel 2. Observe where structure meets impulse.,Archetypal Tone 7,Reflect on how you are expressing cell 11-2 in your current life cycle.,"Create a small ritual, sketch, or sound motif representing row 11 integrating with column 2.",Glyph-11-2
83,11,3,Matrix 11-3 Activation,This phase emphasizes the developmental tension between sector 11 and channel 3. Observe where structure meets impulse.,Archetypal Tone 1,Reflect on how you are expressing cell 11-3 in your current life cycle.,"Create a small ritual, sketch, or sound motif representing row 11 integrating with column 3.",Glyph-11-3
84,11,4,Matrix 11-4 Activation,This phase emphasizes the developmental tension between sector 11 and channel 4. Observe where structure meets impulse.,Archetypal Tone 2,Reflect on how you are expressing cell 11-4 in your current life cycle.,"Create a small ritual, sketch, or sound motif representing row 11 integrating with column 4.",Glyph-11-4
85,11,5,Matrix 11-5 Activation,This phase emphasizes the developmental tension between sector 11 and channel 5. Observe where structure meets impulse.,Archetypal Tone 3,Reflect on how you are expressing cell 11-5 in your current life cycle.,"Create a small ritual, sketch, or sound motif representing row 11 integrating with column 5.",Glyph-11-5
86,11,6,Matrix 11-6 Activation,This phase emphasizes the developmental tension between sector 11 and channel 6. Observe where structure meets impulse.,Archetypal Tone 4,Reflect on how you are expressing cell 11-6 in your current life cycle.,"Create a small ritual, sketch, or sound motif representing row 11 integrating with column 6.",Glyph-11-6
87,11,7,Matrix 11-7 Activation,This phase emphasizes the developmental tension between sector 11 and channel 7. Observe where structure meets impulse.,Archetypal Tone 5,Reflect on how you are expressing cell 11-7 in your current life cycle.,"Create a small ritual, sketch, or sound motif representing row 11 integrating with column 7.",Glyph-11-7
88,11,8,Matrix 11-8 Activation,This phase emphasizes the developmental tension between sector 11 and channel 8. Observe where structure meets impulse.,Archetypal Tone 6,Reflect on how you are expressing cell 11-8 in your current life cycle.,"Create a small ritual, sketch, or sound motif representing row 11 integrating with column 8.",Glyph-11-8
89,12,1,Matrix 12-1 Activation,This phase emphasizes the developmental tension between sector 12 and channel 1. Observe where structure meets impulse.,Archetypal Tone 7,Reflect on how you are expressing cell 12-1 in your current life cycle.,"Create a small ritual, sketch, or sound motif representing row 12 integrating with column 1.",Glyph-12-1
90,12,2,Matrix 12-2 Activation,This phase emphasizes the developmental tension between sector 12 and channel 2. Observe where structure meets impulse.,Archetypal Tone 1,Reflect on how you are expressing cell 12-2 in your current life cycle.,"Create a small ritual, sketch, or sound motif representing row 12 integrating with column 2.",Glyph-12-2
91,12,3,Matrix 12-3 Activation,This phase emphasizes the developmental tension between sector 12 and channel 3. Observe where structure meets impulse.,Archetypal Tone 2,Reflect on how you are expressing cell 12-3 in your current life cycle.,"Create a small ritual, sketch, or sound motif representing row 12 integrating with column 3.",Glyph-12-3
92,12,4,Matrix 12-4 Activation,This phase emphasizes the developmental tension between sector 12 and channel 4. Observe where structure meets impulse.,Archetypal Tone 3,Reflect on how you are expressing cell 12-4 in your current life cycle.,"Create a small ritual, sketch, or sound motif representing row 12 integrating with column 4.",Glyph-12-4
93,12,5,Matrix 12-5 Activation,This phase emphasizes the developmental tension between sector 12 and channel 5. Observe where structure meets impulse.,Archetypal Tone 4,Reflect on how you are expressing cell 12-5 in your current life cycle.,"Create a small ritual, sketch, or sound motif representing row 12 integrating with column 5.",Glyph-12-5
94,12,6,Matrix 12-6 Activation,This phase emphasizes the developmental tension between sector 12 and channel 6. Observe where structure meets impulse.,Archetypal Tone 5,Reflect on how you are expressing cell 12-6 in your current life cycle.,"Create a small ritual, sketch, or sound motif representing row 12 integrating with column 6.",Glyph-12-6
95,12,7,Matrix 12-7 Activation,This phase emphasizes the developmental tension between sector 12 and channel 7. Observe where structure meets impulse.,Archetypal Tone 6,Reflect on how you are expressing cell 12-7 in your current life cycle.,"Create a small ritual, sketch, or sound motif representing row 12 integrating with column 7.",Glyph-12-7
96,12,8,Matrix 12-8 Activation,This phase emphasizes the developmental tension between sector 12 and channel 8. Observe where structure meets impulse.,Archetypal Tone 7,Reflect on how you are expressing cell 12-8 in your current life cycle.,"Create a small ritual, sketch, or sound motif representing row 12 integrating with column 8.",Glyph-12-8
